0,2024-07-27 19:17:28.177429,437.66,+4.37,"2,023,398 ",450.60 ,12.90 ,168.68,-0.48,"24,855,287 ",181.78 ,24.20 ,217.96,+0.47,"41,497,411 ",207.89 ,33.90 ,58.29,+1.07,"11,255,907 ",70.39 ,14.68 ,182.50,+2.65,"29,295,511 ",205.21 ,50.98 ,[],[],[],[],[],425.27,+6.87,"23,007,829 ",456.16 ,36.88 
0,2024-07-27 19:17:36.209801,437.66,+4.37,"2,023,398 ",450.60 ,12.90 ,168.68,-0.48,"24,855,287 ",181.78 ,24.20 ,217.96,+0.47,"41,497,411 ",207.89 ,33.90 ,58.29,+1.07,"11,255,907 ",70.39 ,14.68 ,182.50,+2.65,"29,295,511 ",205.21 ,50.98 ,[],[],[],[],[],425.27,+6.87,"23,007,829 ",456.16 ,36.88 
0,2024-07-27 19:17:40.554846,437.66,+4.37,"2,023,398 ",450.60 ,12.90 ,168.68,-0.48,"24,855,287 ",181.78 ,24.20 ,217.96,+0.47,"41,497,411 ",207.89 ,33.90 ,58.29,+1.07,"11,255,907 ",70.39 ,14.68 ,182.50,+2.65,"29,295,511 ",205.21 ,50.98 ,[],[],[],[],[],425.27,+6.87,"23,007,829 ",456.16 ,36.88 
0,2024-07-27 19:17:44.013499,437.66,+4.37,"2,023,398 ",450.60 ,12.90 ,168.68,-0.48,"24,855,287 ",181.78 ,24.20 ,217.96,+0.47,"41,497,411 ",207.89 ,33.90 ,58.29,+1.07,"11,255,907 ",70.39 ,14.68 ,182.50,+2.65,"29,295,511 ",205.21 ,50.98 ,[],[],[],[],[],425.27,+6.87,"23,007,829 ",456.16 ,36.88 
0,2024-07-27 19:17:51.959301,437.66,+4.37,"2,023,398 ",450.60 ,12.90 ,168.68,-0.48,"24,855,287 ",181.78 ,24.20 ,217.96,+0.47,"41,497,411 ",207.89 ,33.90 ,58.29,+1.07,"11,255,907 ",70.39 ,14.68 ,182.50,+2.65,"29,295,511 ",205.21 ,50.98 ,[],[],[],[],[],425.27,+6.87,"23,007,829 ",456.16 ,36.88 
0,2024-07-27 19:17:55.781872,437.66,+4.37,"2,023,398 ",450.60 ,12.90 ,168.68,-0.48,"24,855,287 ",181.78 ,24.20 ,217.96,+0.47,"41,497,411 ",207.89 ,33.90 ,58.29,+1.07,"11,255,907 ",70.39 ,14.68 ,182.50,+2.65,"29,295,511 ",205.21 ,50.98 ,[],[],[],[],[],425.27,+6.87,"23,007,829 ",456.16 ,36.88 
0,2024-07-27 19:18:08.965645,437.66,+4.37,"2,023,398 ",450.60 ,12.90 ,168.68,-0.48,"24,855,287 ",181.78 ,24.20 ,217.96,+0.47,"41,497,411 ",207.89 ,33.90 ,58.29,+1.07,"11,255,907 ",70.39 ,14.68 ,182.50,+2.65,"29,295,511 ",205.21 ,50.98 ,[],[],[],[],[],425.27,+6.87,"23,007,829 ",456.16 ,36.88 
0,2024-07-27 19:18:12.660160,437.66,+4.37,"2,023,398 ",450.60 ,12.90 ,168.68,-0.48,"24,855,287 ",181.78 ,24.20 ,217.96,+0.47,"41,497,411 ",207.89 ,33.90 ,58.29,+1.07,"11,255,907 ",70.39 ,14.68 ,182.50,+2.65,"29,295,511 ",205.21 ,50.98 ,[],[],[],[],[],425.27,+6.87,"23,007,829 ",456.16 ,36.88 
0,2024-07-27 19:18:23.987332,437.66,+4.37,"2,023,398 ",450.60 ,12.90 ,168.68,-0.48,"24,855,287 ",181.78 ,24.20 ,217.96,+0.47,"41,497,411 ",207.89 ,33.90 ,58.29,+1.07,"11,255,907 ",70.39 ,14.68 ,182.50,+2.65,"29,295,511 ",205.21 ,50.98 ,[],[],[],[],[],425.27,+6.87,"23,007,829 ",456.16 ,36.88 
0,2024-07-27 19:18:36.460330,437.66,+4.37,"2,023,398 ",450.60 ,12.90 ,168.68,-0.48,"24,855,287 ",181.78 ,24.20 ,217.96,+0.47,"41,497,411 ",207.89 ,33.90 ,58.29,+1.07,"11,255,907 ",70.39 ,14.68 ,182.50,+2.65,"29,295,511 ",205.21 ,50.98 ,[],[],[],[],[],425.27,+6.87,"23,007,829 ",456.16 ,36.88 
0,2024-07-27 19:18:41.791824,437.66,+4.37,"2,023,398 ",450.60 ,12.90 ,168.68,-0.48,"24,855,287 ",181.78 ,24.20 ,217.96,+0.47,"41,497,411 ",207.89 ,33.90 ,58.29,+1.07,"11,255,907 ",70.39 ,14.68 ,182.50,+2.65,"29,295,511 ",205.21 ,50.98 ,[],[],[],[],[],425.27,+6.87,"23,007,829 ",456.16 ,36.88 
0,2024-07-27 19:18:46.748835,437.66,+4.37,"2,023,398 ",450.60 ,12.90 ,168.68,-0.48,"24,855,287 ",181.78 ,24.20 ,217.96,+0.47,"41,497,411 ",207.89 ,33.90 ,58.29,+1.07,"11,255,907 ",70.39 ,14.68 ,182.50,+2.65,"29,295,511 ",205.21 ,50.98 ,[],[],[],[],[],425.27,+6.87,"23,007,829 ",456.16 ,36.88 
0,2024-07-27 19:18:51.189139,437.66,+4.37,"2,023,398 ",450.60 ,12.90 ,168.68,-0.48,"24,855,287 ",181.78 ,24.20 ,217.96,+0.47,"41,497,411 ",207.89 ,33.90 ,58.29,+1.07,"11,255,907 ",70.39 ,14.68 ,182.50,+2.65,"29,295,511 ",205.21 ,50.98 ,[],[],[],[],[],425.27,+6.87,"23,007,829 ",456.16 ,36.88 
0,2024-07-27 19:18:56.568756,437.66,+4.37,"2,023,398 ",450.60 ,12.90 ,168.68,-0.48,"24,855,287 ",181.78 ,24.20 ,217.96,+0.47,"41,497,411 ",207.89 ,33.90 ,58.29,+1.07,"11,255,907 ",70.39 ,14.68 ,182.50,+2.65,"29,295,511 ",205.21 ,50.98 ,[],[],[],[],[],425.27,+6.87,"23,007,829 ",456.16 ,36.88 
0,2024-07-27 19:19:00.324274,437.66,+4.37,"2,023,398 ",450.60 ,12.90 ,168.68,-0.48,"24,855,287 ",181.78 ,24.20 ,217.96,+0.47,"41,497,411 ",207.89 ,33.90 ,58.29,+1.07,"11,255,907 ",70.39 ,14.68 ,182.50,+2.65,"29,295,511 ",205.21 ,50.98 ,[],[],[],[],[],425.27,+6.87,"23,007,829 ",456.16 ,36.88 
0,2024-07-27 19:19:04.117680,437.66,+4.37,"2,023,398 ",450.60 ,12.90 ,168.68,-0.48,"24,855,287 ",181.78 ,24.20 ,217.96,+0.47,"41,497,411 ",207.89 ,33.90 ,58.29,+1.07,"11,255,907 ",70.39 ,14.68 ,182.50,+2.65,"29,295,511 ",205.21 ,50.98 ,[],[],[],[],[],425.27,+6.87,"23,007,829 ",456.16 ,36.88 
0,2024-07-27 19:19:07.898224,437.66,+4.37,"2,023,398 ",450.60 ,12.90 ,168.68,-0.48,"24,855,287 ",181.78 ,24.20 ,217.96,+0.47,"41,497,411 ",207.89 ,33.90 ,58.29,+1.07,"11,255,907 ",70.39 ,14.68 ,182.50,+2.65,"29,295,511 ",205.21 ,50.98 ,[],[],[],[],[],425.27,+6.87,"23,007,829 ",456.16 ,36.88 
0,2024-07-27 19:19:11.572960,437.66,+4.37,"2,023,398 ",450.60 ,12.90 ,168.68,-0.48,"24,855,287 ",181.78 ,24.20 ,217.96,+0.47,"41,497,411 ",207.89 ,33.90 ,58.29,+1.07,"11,255,907 ",70.39 ,14.68 ,182.50,+2.65,"29,295,511 ",205.21 ,50.98 ,[],[],[],[],[],425.27,+6.87,"23,007,829 ",456.16 ,36.88 
0,2024-07-27 19:19:15.240881,437.66,+4.37,"2,023,398 ",450.60 ,12.90 ,168.68,-0.48,"24,855,287 ",181.78 ,24.20 ,217.96,+0.47,"41,497,411 ",207.89 ,33.90 ,58.29,+1.07,"11,255,907 ",70.39 ,14.68 ,182.50,+2.65,"29,295,511 ",205.21 ,50.98 ,[],[],[],[],[],425.27,+6.87,"23,007,829 ",456.16 ,36.88 
0,2024-07-27 19:19:18.781545,437.66,+4.37,"2,023,398 ",450.60 ,12.90 ,168.68,-0.48,"24,855,287 ",181.78 ,24.20 ,217.96,+0.47,"41,497,411 ",207.89 ,33.90 ,58.29,+1.07,"11,255,907 ",70.39 ,14.68 ,182.50,+2.65,"29,295,511 ",205.21 ,50.98 ,[],[],[],[],[],425.27,+6.87,"23,007,829 ",456.16 ,36.88 
0,2024-07-27 19:19:21.890498,437.66,+4.37,"2,023,398 ",450.60 ,12.90 ,168.68,-0.48,"24,855,287 ",181.78 ,24.20 ,217.96,+0.47,"41,497,411 ",207.89 ,33.90 ,58.29,+1.07,"11,255,907 ",70.39 ,14.68 ,182.50,+2.65,"29,295,511 ",205.21 ,50.98 ,[],[],[],[],[],425.27,+6.87,"23,007,829 ",456.16 ,36.88 
0,2024-07-27 19:19:46.240155,437.66,+4.37,"2,023,398 ",450.60 ,12.90 ,168.68,-0.48,"24,855,287 ",181.78 ,24.20 ,217.96,+0.47,"41,497,411 ",207.89 ,33.90 ,58.29,+1.07,"11,255,907 ",70.39 ,14.68 ,182.50,+2.65,"29,295,511 ",205.21 ,50.98 ,[],[],[],[],[],425.27,+6.87,"23,007,829 ",456.16 ,36.88 
0,2024-07-27 19:19:51.320307,437.66,+4.37,"2,023,398 ",450.60 ,12.90 ,168.68,-0.48,"24,855,287 ",181.78 ,24.20 ,217.96,+0.47,"41,497,411 ",207.89 ,33.90 ,58.29,+1.07,"11,255,907 ",70.39 ,14.68 ,182.50,+2.65,"29,295,511 ",205.21 ,50.98 ,[],[],[],[],[],425.27,+6.87,"23,007,829 ",456.16 ,36.88 
0,2024-07-27 19:19:54.932431,437.66,+4.37,"2,023,398 ",450.60 ,12.90 ,168.68,-0.48,"24,855,287 ",181.78 ,24.20 ,217.96,+0.47,"41,497,411 ",207.89 ,33.90 ,58.29,+1.07,"11,255,907 ",70.39 ,14.68 ,182.50,+2.65,"29,295,511 ",205.21 ,50.98 ,[],[],[],[],[],425.27,+6.87,"23,007,829 ",456.16 ,36.88 
0,2024-07-27 19:19:58.184477,437.66,+4.37,"2,023,398 ",450.60 ,12.90 ,168.68,-0.48,"24,855,287 ",181.78 ,24.20 ,217.96,+0.47,"41,497,411 ",207.89 ,33.90 ,58.29,+1.07,"11,255,907 ",70.39 ,14.68 ,182.50,+2.65,"29,295,511 ",205.21 ,50.98 ,[],[],[],[],[],425.27,+6.87,"23,007,829 ",456.16 ,36.88 
0,2024-07-27 19:20:02.916808,437.66,+4.37,"2,023,398 ",450.60 ,12.90 ,168.68,-0.48,"24,855,287 ",181.78 ,24.20 ,217.96,+0.47,"41,497,411 ",207.89 ,33.90 ,58.29,+1.07,"11,255,907 ",70.39 ,14.68 ,182.50,+2.65,"29,295,511 ",205.21 ,50.98 ,[],[],[],[],[],425.27,+6.87,"23,007,829 ",456.16 ,36.88 
0,2024-07-27 19:20:06.648056,437.66,+4.37,"2,023,398 ",450.60 ,12.90 ,168.68,-0.48,"24,855,287 ",181.78 ,24.20 ,217.96,+0.47,"41,497,411 ",207.89 ,33.90 ,58.29,+1.07,"11,255,907 ",70.39 ,14.68 ,182.50,+2.65,"29,295,511 ",205.21 ,50.98 ,[],[],[],[],[],425.27,+6.87,"23,007,829 ",456.16 ,36.88 
0,2024-07-27 19:20:09.906493,437.66,+4.37,"2,023,398 ",450.60 ,12.90 ,168.68,-0.48,"24,855,287 ",181.78 ,24.20 ,217.96,+0.47,"41,497,411 ",207.89 ,33.90 ,58.29,+1.07,"11,255,907 ",70.39 ,14.68 ,182.50,+2.65,"29,295,511 ",205.21 ,50.98 ,[],[],[],[],[],425.27,+6.87,"23,007,829 ",456.16 ,36.88 
0,2024-07-27 19:20:12.850010,437.66,+4.37,"2,023,398 ",450.60 ,12.90 ,168.68,-0.48,"24,855,287 ",181.78 ,24.20 ,217.96,+0.47,"41,497,411 ",207.89 ,33.90 ,58.29,+1.07,"11,255,907 ",70.39 ,14.68 ,182.50,+2.65,"29,295,511 ",205.21 ,50.98 ,[],[],[],[],[],425.27,+6.87,"23,007,829 ",456.16 ,36.88 
0,2024-07-27 19:20:16.606658,437.66,+4.37,"2,023,398 ",450.60 ,12.90 ,168.68,-0.48,"24,855,287 ",181.78 ,24.20 ,217.96,+0.47,"41,497,411 ",207.89 ,33.90 ,58.29,+1.07,"11,255,907 ",70.39 ,14.68 ,182.50,+2.65,"29,295,511 ",205.21 ,50.98 ,[],[],[],[],[],425.27,+6.87,"23,007,829 ",456.16 ,36.88 
0,2024-07-27 19:20:19.699752,437.66,+4.37,"2,023,398 ",450.60 ,12.90 ,168.68,-0.48,"24,855,287 ",181.78 ,24.20 ,217.96,+0.47,"41,497,411 ",207.89 ,33.90 ,58.29,+1.07,"11,255,907 ",70.39 ,14.68 ,182.50,+2.65,"29,295,511 ",205.21 ,50.98 ,[],[],[],[],[],425.27,+6.87,"23,007,829 ",456.16 ,36.88 
0,2024-07-27 19:20:22.949319,437.66,+4.37,"2,023,398 ",450.60 ,12.90 ,168.68,-0.48,"24,855,287 ",181.78 ,24.20 ,217.96,+0.47,"41,497,411 ",207.89 ,33.90 ,58.29,+1.07,"11,255,907 ",70.39 ,14.68 ,182.50,+2.65,"29,295,511 ",205.21 ,50.98 ,[],[],[],[],[],425.27,+6.87,"23,007,829 ",456.16 ,36.88 
0,2024-07-27 19:20:26.137617,437.66,+4.37,"2,023,398 ",450.60 ,12.90 ,168.68,-0.48,"24,855,287 ",181.78 ,24.20 ,217.96,+0.47,"41,497,411 ",207.89 ,33.90 ,58.29,+1.07,"11,255,907 ",70.39 ,14.68 ,182.50,+2.65,"29,295,511 ",205.21 ,50.98 ,[],[],[],[],[],425.27,+6.87,"23,007,829 ",456.16 ,36.88 
0,2024-07-27 19:20:29.204547,437.66,+4.37,"2,023,398 ",450.60 ,12.90 ,168.68,-0.48,"24,855,287 ",181.78 ,24.20 ,217.96,+0.47,"41,497,411 ",207.89 ,33.90 ,58.29,+1.07,"11,255,907 ",70.39 ,14.68 ,182.50,+2.65,"29,295,511 ",205.21 ,50.98 ,[],[],[],[],[],425.27,+6.87,"23,007,829 ",456.16 ,36.88 
0,2024-07-27 19:20:33.028506,437.66,+4.37,"2,023,398 ",450.60 ,12.90 ,168.68,-0.48,"24,855,287 ",181.78 ,24.20 ,217.96,+0.47,"41,497,411 ",207.89 ,33.90 ,58.29,+1.07,"11,255,907 ",70.39 ,14.68 ,182.50,+2.65,"29,295,511 ",205.21 ,50.98 ,[],[],[],[],[],425.27,+6.87,"23,007,829 ",456.16 ,36.88 
0,2024-07-27 19:20:36.255891,437.66,+4.37,"2,023,398 ",450.60 ,12.90 ,168.68,-0.48,"24,855,287 ",181.78 ,24.20 ,217.96,+0.47,"41,497,411 ",207.89 ,33.90 ,58.29,+1.07,"11,255,907 ",70.39 ,14.68 ,182.50,+2.65,"29,295,511 ",205.21 ,50.98 ,[],[],[],[],[],425.27,+6.87,"23,007,829 ",456.16 ,36.88 
0,2024-07-27 19:20:40.631265,437.66,+4.37,"2,023,398 ",450.60 ,12.90 ,168.68,-0.48,"24,855,287 ",181.78 ,24.20 ,217.96,+0.47,"41,497,411 ",207.89 ,33.90 ,58.29,+1.07,"11,255,907 ",70.39 ,14.68 ,182.50,+2.65,"29,295,511 ",205.21 ,50.98 ,[],[],[],[],[],425.27,+6.87,"23,007,829 ",456.16 ,36.88 
0,2024-07-27 19:20:43.478058,437.66,+4.37,"2,023,398 ",450.60 ,12.90 ,168.68,-0.48,"24,855,287 ",181.78 ,24.20 ,217.96,+0.47,"41,497,411 ",207.89 ,33.90 ,58.29,+1.07,"11,255,907 ",70.39 ,14.68 ,182.50,+2.65,"29,295,511 ",205.21 ,50.98 ,[],[],[],[],[],425.27,+6.87,"23,007,829 ",456.16 ,36.88 
0,2024-07-27 19:20:47.506496,437.66,+4.37,"2,023,398 ",450.60 ,12.90 ,168.68,-0.48,"24,855,287 ",181.78 ,24.20 ,217.96,+0.47,"41,497,411 ",207.89 ,33.90 ,58.29,+1.07,"11,255,907 ",70.39 ,14.68 ,182.50,+2.65,"29,295,511 ",205.21 ,50.98 ,[],[],[],[],[],425.27,+6.87,"23,007,829 ",456.16 ,36.88 
0,2024-07-27 19:20:51.516340,437.66,+4.37,"2,023,398 ",450.60 ,12.90 ,168.68,-0.48,"24,855,287 ",181.78 ,24.20 ,217.96,+0.47,"41,497,411 ",207.89 ,33.90 ,58.29,+1.07,"11,255,907 ",70.39 ,14.68 ,182.50,+2.65,"29,295,511 ",205.21 ,50.98 ,[],[],[],[],[],425.27,+6.87,"23,007,829 ",456.16 ,36.88 
0,2024-07-27 19:20:54.799122,437.66,+4.37,"2,023,398 ",450.60 ,12.90 ,168.68,-0.48,"24,855,287 ",181.78 ,24.20 ,217.96,+0.47,"41,497,411 ",207.89 ,33.90 ,58.29,+1.07,"11,255,907 ",70.39 ,14.68 ,182.50,+2.65,"29,295,511 ",205.21 ,50.98 ,[],[],[],[],[],425.27,+6.87,"23,007,829 ",456.16 ,36.88 
0,2024-07-27 19:20:58.997785,437.66,+4.37,"2,023,398 ",450.60 ,12.90 ,168.68,-0.48,"24,855,287 ",181.78 ,24.20 ,217.96,+0.47,"41,497,411 ",207.89 ,33.90 ,58.29,+1.07,"11,255,907 ",70.39 ,14.68 ,182.50,+2.65,"29,295,511 ",205.21 ,50.98 ,[],[],[],[],[],425.27,+6.87,"23,007,829 ",456.16 ,36.88 
0,2024-07-27 19:21:02.694850,437.66,+4.37,"2,023,398 ",450.60 ,12.90 ,168.68,-0.48,"24,855,287 ",181.78 ,24.20 ,217.96,+0.47,"41,497,411 ",207.89 ,33.90 ,58.29,+1.07,"11,255,907 ",70.39 ,14.68 ,182.50,+2.65,"29,295,511 ",205.21 ,50.98 ,[],[],[],[],[],425.27,+6.87,"23,007,829 ",456.16 ,36.88 
0,2024-07-27 19:21:07.077122,437.66,+4.37,"2,023,398 ",450.60 ,12.90 ,168.68,-0.48,"24,855,287 ",181.78 ,24.20 ,217.96,+0.47,"41,497,411 ",207.89 ,33.90 ,58.29,+1.07,"11,255,907 ",70.39 ,14.68 ,182.50,+2.65,"29,295,511 ",205.21 ,50.98 ,[],[],[],[],[],425.27,+6.87,"23,007,829 ",456.16 ,36.88 
0,2024-07-27 19:21:14.681465,437.66,+4.37,"2,023,398 ",450.60 ,12.90 ,168.68,-0.48,"24,855,287 ",181.78 ,24.20 ,217.96,+0.47,"41,497,411 ",207.89 ,33.90 ,58.29,+1.07,"11,255,907 ",70.39 ,14.68 ,182.50,+2.65,"29,295,511 ",205.21 ,50.98 ,[],[],[],[],[],425.27,+6.87,"23,007,829 ",456.16 ,36.88 
0,2024-07-27 19:21:35.368656,437.66,+4.37,"2,023,398 ",450.60 ,12.90 ,168.68,-0.48,"24,855,287 ",181.78 ,24.20 ,217.96,+0.47,"41,497,411 ",207.89 ,33.90 ,58.29,+1.07,"11,255,907 ",70.39 ,14.68 ,182.50,+2.65,"29,295,511 ",205.21 ,50.98 ,[],[],[],[],[],425.27,+6.87,"23,007,829 ",456.16 ,36.88 
0,2024-07-27 19:21:47.431389,437.66,+4.37,"2,023,398 ",450.60 ,12.90 ,168.68,-0.48,"24,855,287 ",181.78 ,24.20 ,217.96,+0.47,"41,497,411 ",207.89 ,33.90 ,58.29,+1.07,"11,255,907 ",70.39 ,14.68 ,182.50,+2.65,"29,295,511 ",205.21 ,50.98 ,[],[],[],[],[],425.27,+6.87,"23,007,829 ",456.16 ,36.88 
0,2024-07-27 19:21:51.428076,437.66,+4.37,"2,023,398 ",450.60 ,12.90 ,168.68,-0.48,"24,855,287 ",181.78 ,24.20 ,217.96,+0.47,"41,497,411 ",207.89 ,33.90 ,58.29,+1.07,"11,255,907 ",70.39 ,14.68 ,182.50,+2.65,"29,295,511 ",205.21 ,50.98 ,[],[],[],[],[],425.27,+6.87,"23,007,829 ",456.16 ,36.88 
0,2024-07-27 19:21:55.086457,437.66,+4.37,"2,023,398 ",450.60 ,12.90 ,168.68,-0.48,"24,855,287 ",181.78 ,24.20 ,217.96,+0.47,"41,497,411 ",207.89 ,33.90 ,58.29,+1.07,"11,255,907 ",70.39 ,14.68 ,182.50,+2.65,"29,295,511 ",205.21 ,50.98 ,[],[],[],[],[],425.27,+6.87,"23,007,829 ",456.16 ,36.88 
0,2024-07-27 19:21:58.301249,437.66,+4.37,"2,023,398 ",450.60 ,12.90 ,168.68,-0.48,"24,855,287 ",181.78 ,24.20 ,217.96,+0.47,"41,497,411 ",207.89 ,33.90 ,58.29,+1.07,"11,255,907 ",70.39 ,14.68 ,182.50,+2.65,"29,295,511 ",205.21 ,50.98 ,[],[],[],[],[],425.27,+6.87,"23,007,829 ",456.16 ,36.88 
0,2024-07-27 19:22:02.652459,437.66,+4.37,"2,023,398 ",450.60 ,12.90 ,168.68,-0.48,"24,855,287 ",181.78 ,24.20 ,217.96,+0.47,"41,497,411 ",207.89 ,33.90 ,58.29,+1.07,"11,255,907 ",70.39 ,14.68 ,182.50,+2.65,"29,295,511 ",205.21 ,50.98 ,[],[],[],[],[],425.27,+6.87,"23,007,829 ",456.16 ,36.88 
0,2024-07-27 19:22:05.567061,437.66,+4.37,"2,023,398 ",450.60 ,12.90 ,168.68,-0.48,"24,855,287 ",181.78 ,24.20 ,217.96,+0.47,"41,497,411 ",207.89 ,33.90 ,58.29,+1.07,"11,255,907 ",70.39 ,14.68 ,182.50,+2.65,"29,295,511 ",205.21 ,50.98 ,[],[],[],[],[],425.27,+6.87,"23,007,829 ",456.16 ,36.88 
0,2024-07-27 19:22:10.130754,437.66,+4.37,"2,023,398 ",450.60 ,12.90 ,168.68,-0.48,"24,855,287 ",181.78 ,24.20 ,217.96,+0.47,"41,497,411 ",207.89 ,33.90 ,58.29,+1.07,"11,255,907 ",70.39 ,14.68 ,182.50,+2.65,"29,295,511 ",205.21 ,50.98 ,[],[],[],[],[],425.27,+6.87,"23,007,829 ",456.16 ,36.88 
0,2024-07-27 19:22:17.007108,437.66,+4.37,"2,023,398 ",450.60 ,12.90 ,168.68,-0.48,"24,855,287 ",181.78 ,24.20 ,217.96,+0.47,"41,497,411 ",207.89 ,33.90 ,58.29,+1.07,"11,255,907 ",70.39 ,14.68 ,182.50,+2.65,"29,295,511 ",205.21 ,50.98 ,[],[],[],[],[],425.27,+6.87,"23,007,829 ",456.16 ,36.88 
0,2024-07-27 19:22:21.085739,437.66,+4.37,"2,023,398 ",450.60 ,12.90 ,168.68,-0.48,"24,855,287 ",181.78 ,24.20 ,217.96,+0.47,"41,497,411 ",207.89 ,33.90 ,58.29,+1.07,"11,255,907 ",70.39 ,14.68 ,182.50,+2.65,"29,295,511 ",205.21 ,50.98 ,[],[],[],[],[],425.27,+6.87,"23,007,829 ",456.16 ,36.88 
0,2024-07-27 19:22:25.482285,437.66,+4.37,"2,023,398 ",450.60 ,12.90 ,168.68,-0.48,"24,855,287 ",181.78 ,24.20 ,217.96,+0.47,"41,497,411 ",207.89 ,33.90 ,58.29,+1.07,"11,255,907 ",70.39 ,14.68 ,182.50,+2.65,"29,295,511 ",205.21 ,50.98 ,[],[],[],[],[],425.27,+6.87,"23,007,829 ",456.16 ,36.88 
0,2024-07-27 19:22:28.638796,437.66,+4.37,"2,023,398 ",450.60 ,12.90 ,168.68,-0.48,"24,855,287 ",181.78 ,24.20 ,217.96,+0.47,"41,497,411 ",207.89 ,33.90 ,58.29,+1.07,"11,255,907 ",70.39 ,14.68 ,182.50,+2.65,"29,295,511 ",205.21 ,50.98 ,[],[],[],[],[],425.27,+6.87,"23,007,829 ",456.16 ,36.88 
0,2024-07-27 19:22:33.965090,437.66,+4.37,"2,023,398 ",450.60 ,12.90 ,168.68,-0.48,"24,855,287 ",181.78 ,24.20 ,217.96,+0.47,"41,497,411 ",207.89 ,33.90 ,58.29,+1.07,"11,255,907 ",70.39 ,14.68 ,182.50,+2.65,"29,295,511 ",205.21 ,50.98 ,[],[],[],[],[],425.27,+6.87,"23,007,829 ",456.16 ,36.88 
0,2024-07-27 19:22:37.305337,437.66,+4.37,"2,023,398 ",450.60 ,12.90 ,168.68,-0.48,"24,855,287 ",181.78 ,24.20 ,217.96,+0.47,"41,497,411 ",207.89 ,33.90 ,58.29,+1.07,"11,255,907 ",70.39 ,14.68 ,182.50,+2.65,"29,295,511 ",205.21 ,50.98 ,[],[],[],[],[],425.27,+6.87,"23,007,829 ",456.16 ,36.88 
0,2024-07-27 19:22:42.432946,437.66,+4.37,"2,023,398 ",450.60 ,12.90 ,168.68,-0.48,"24,855,287 ",181.78 ,24.20 ,217.96,+0.47,"41,497,411 ",207.89 ,33.90 ,58.29,+1.07,"11,255,907 ",70.39 ,14.68 ,182.50,+2.65,"29,295,511 ",205.21 ,50.98 ,[],[],[],[],[],425.27,+6.87,"23,007,829 ",456.16 ,36.88 
0,2024-07-27 19:22:45.594593,437.66,+4.37,"2,023,398 ",450.60 ,12.90 ,168.68,-0.48,"24,855,287 ",181.78 ,24.20 ,217.96,+0.47,"41,497,411 ",207.89 ,33.90 ,58.29,+1.07,"11,255,907 ",70.39 ,14.68 ,182.50,+2.65,"29,295,511 ",205.21 ,50.98 ,[],[],[],[],[],425.27,+6.87,"23,007,829 ",456.16 ,36.88 
0,2024-07-27 19:22:51.156489,437.66,+4.37,"2,023,398 ",450.60 ,12.90 ,168.68,-0.48,"24,855,287 ",181.78 ,24.20 ,217.96,+0.47,"41,497,411 ",207.89 ,33.90 ,58.29,+1.07,"11,255,907 ",70.39 ,14.68 ,182.50,+2.65,"29,295,511 ",205.21 ,50.98 ,[],[],[],[],[],425.27,+6.87,"23,007,829 ",456.16 ,36.88 
0,2024-07-27 19:22:54.774660,437.66,+4.37,"2,023,398 ",450.60 ,12.90 ,168.68,-0.48,"24,855,287 ",181.78 ,24.20 ,217.96,+0.47,"41,497,411 ",207.89 ,33.90 ,58.29,+1.07,"11,255,907 ",70.39 ,14.68 ,182.50,+2.65,"29,295,511 ",205.21 ,50.98 ,[],[],[],[],[],425.27,+6.87,"23,007,829 ",456.16 ,36.88 
0,2024-07-27 19:22:58.289229,437.66,+4.37,"2,023,398 ",450.60 ,12.90 ,168.68,-0.48,"24,855,287 ",181.78 ,24.20 ,217.96,+0.47,"41,497,411 ",207.89 ,33.90 ,58.29,+1.07,"11,255,907 ",70.39 ,14.68 ,182.50,+2.65,"29,295,511 ",205.21 ,50.98 ,[],[],[],[],[],425.27,+6.87,"23,007,829 ",456.16 ,36.88 
0,2024-07-27 19:23:01.381523,437.66,+4.37,"2,023,398 ",450.60 ,12.90 ,168.68,-0.48,"24,855,287 ",181.78 ,24.20 ,217.96,+0.47,"41,497,411 ",207.89 ,33.90 ,58.29,+1.07,"11,255,907 ",70.39 ,14.68 ,182.50,+2.65,"29,295,511 ",205.21 ,50.98 ,[],[],[],[],[],425.27,+6.87,"23,007,829 ",456.16 ,36.88 
0,2024-07-27 19:23:06.397870,437.66,+4.37,"2,023,398 ",450.60 ,12.90 ,168.68,-0.48,"24,855,287 ",181.78 ,24.20 ,217.96,+0.47,"41,497,411 ",207.89 ,33.90 ,58.29,+1.07,"11,255,907 ",70.39 ,14.68 ,182.50,+2.65,"29,295,511 ",205.21 ,50.98 ,[],[],[],[],[],425.27,+6.87,"23,007,829 ",456.16 ,36.88 
0,2024-07-27 19:23:10.657801,437.66,+4.37,"2,023,398 ",450.60 ,12.90 ,168.68,-0.48,"24,855,287 ",181.78 ,24.20 ,217.96,+0.47,"41,497,411 ",207.89 ,33.90 ,58.29,+1.07,"11,255,907 ",70.39 ,14.68 ,182.50,+2.65,"29,295,511 ",205.21 ,50.98 ,[],[],[],[],[],425.27,+6.87,"23,007,829 ",456.16 ,36.88 
0,2024-07-27 19:23:14.191072,437.66,+4.37,"2,023,398 ",450.60 ,12.90 ,168.68,-0.48,"24,855,287 ",181.78 ,24.20 ,217.96,+0.47,"41,497,411 ",207.89 ,33.90 ,58.29,+1.07,"11,255,907 ",70.39 ,14.68 ,182.50,+2.65,"29,295,511 ",205.21 ,50.98 ,[],[],[],[],[],425.27,+6.87,"23,007,829 ",456.16 ,36.88 
0,2024-07-27 19:23:17.582263,437.66,+4.37,"2,023,398 ",450.60 ,12.90 ,168.68,-0.48,"24,855,287 ",181.78 ,24.20 ,217.96,+0.47,"41,497,411 ",207.89 ,33.90 ,58.29,+1.07,"11,255,907 ",70.39 ,14.68 ,182.50,+2.65,"29,295,511 ",205.21 ,50.98 ,[],[],[],[],[],425.27,+6.87,"23,007,829 ",456.16 ,36.88 
0,2024-07-27 19:23:22.917875,437.66,+4.37,"2,023,398 ",450.60 ,12.90 ,168.68,-0.48,"24,855,287 ",181.78 ,24.20 ,217.96,+0.47,"41,497,411 ",207.89 ,33.90 ,58.29,+1.07,"11,255,907 ",70.39 ,14.68 ,182.50,+2.65,"29,295,511 ",205.21 ,50.98 ,[],[],[],[],[],425.27,+6.87,"23,007,829 ",456.16 ,36.88 
0,2024-07-27 19:23:27.623718,437.66,+4.37,"2,023,398 ",450.60 ,12.90 ,168.68,-0.48,"24,855,287 ",181.78 ,24.20 ,217.96,+0.47,"41,497,411 ",207.89 ,33.90 ,58.29,+1.07,"11,255,907 ",70.39 ,14.68 ,182.50,+2.65,"29,295,511 ",205.21 ,50.98 ,[],[],[],[],[],425.27,+6.87,"23,007,829 ",456.16 ,36.88 
0,2024-07-27 19:23:33.492005,437.66,+4.37,"2,023,398 ",450.60 ,12.90 ,168.68,-0.48,"24,855,287 ",181.78 ,24.20 ,217.96,+0.47,"41,497,411 ",207.89 ,33.90 ,58.29,+1.07,"11,255,907 ",70.39 ,14.68 ,182.50,+2.65,"29,295,511 ",205.21 ,50.98 ,[],[],[],[],[],425.27,+6.87,"23,007,829 ",456.16 ,36.88 
0,2024-07-27 19:23:39.650584,437.66,+4.37,"2,023,398 ",450.60 ,12.90 ,168.68,-0.48,"24,855,287 ",181.78 ,24.20 ,217.96,+0.47,"41,497,411 ",207.89 ,33.90 ,58.29,+1.07,"11,255,907 ",70.39 ,14.68 ,182.50,+2.65,"29,295,511 ",205.21 ,50.98 ,[],[],[],[],[],425.27,+6.87,"23,007,829 ",456.16 ,36.88 
0,2024-07-27 19:23:45.353195,437.66,+4.37,"2,023,398 ",450.60 ,12.90 ,168.68,-0.48,"24,855,287 ",181.78 ,24.20 ,217.96,+0.47,"41,497,411 ",207.89 ,33.90 ,58.29,+1.07,"11,255,907 ",70.39 ,14.68 ,182.50,+2.65,"29,295,511 ",205.21 ,50.98 ,[],[],[],[],[],425.27,+6.87,"23,007,829 ",456.16 ,36.88 
0,2024-07-27 19:23:48.938810,437.66,+4.37,"2,023,398 ",450.60 ,12.90 ,168.68,-0.48,"24,855,287 ",181.78 ,24.20 ,217.96,+0.47,"41,497,411 ",207.89 ,33.90 ,58.29,+1.07,"11,255,907 ",70.39 ,14.68 ,182.50,+2.65,"29,295,511 ",205.21 ,50.98 ,[],[],[],[],[],425.27,+6.87,"23,007,829 ",456.16 ,36.88 
0,2024-07-27 19:23:55.482412,437.66,+4.37,"2,023,398 ",450.60 ,12.90 ,168.68,-0.48,"24,855,287 ",181.78 ,24.20 ,217.96,+0.47,"41,497,411 ",207.89 ,33.90 ,58.29,+1.07,"11,255,907 ",70.39 ,14.68 ,182.50,+2.65,"29,295,511 ",205.21 ,50.98 ,[],[],[],[],[],425.27,+6.87,"23,007,829 ",456.16 ,36.88 
0,2024-07-27 19:24:03.197913,437.66,+4.37,"2,023,398 ",450.60 ,12.90 ,168.68,-0.48,"24,855,287 ",181.78 ,24.20 ,217.96,+0.47,"41,497,411 ",207.89 ,33.90 ,58.29,+1.07,"11,255,907 ",70.39 ,14.68 ,182.50,+2.65,"29,295,511 ",205.21 ,50.98 ,[],[],[],[],[],425.27,+6.87,"23,007,829 ",456.16 ,36.88 
0,2024-07-27 19:24:07.203381,437.66,+4.37,"2,023,398 ",450.60 ,12.90 ,168.68,-0.48,"24,855,287 ",181.78 ,24.20 ,217.96,+0.47,"41,497,411 ",207.89 ,33.90 ,58.29,+1.07,"11,255,907 ",70.39 ,14.68 ,182.50,+2.65,"29,295,511 ",205.21 ,50.98 ,[],[],[],[],[],425.27,+6.87,"23,007,829 ",456.16 ,36.88 
0,2024-07-27 19:24:11.301863,437.66,+4.37,"2,023,398 ",450.60 ,12.90 ,168.68,-0.48,"24,855,287 ",181.78 ,24.20 ,217.96,+0.47,"41,497,411 ",207.89 ,33.90 ,58.29,+1.07,"11,255,907 ",70.39 ,14.68 ,182.50,+2.65,"29,295,511 ",205.21 ,50.98 ,[],[],[],[],[],425.27,+6.87,"23,007,829 ",456.16 ,36.88 
0,2024-07-27 19:24:16.139844,437.66,+4.37,"2,023,398 ",450.60 ,12.90 ,168.68,-0.48,"24,855,287 ",181.78 ,24.20 ,217.96,+0.47,"41,497,411 ",207.89 ,33.90 ,58.29,+1.07,"11,255,907 ",70.39 ,14.68 ,182.50,+2.65,"29,295,511 ",205.21 ,50.98 ,[],[],[],[],[],425.27,+6.87,"23,007,829 ",456.16 ,36.88 
0,2024-07-27 19:24:22.428020,437.66,+4.37,"2,023,398 ",450.60 ,12.90 ,168.68,-0.48,"24,855,287 ",181.78 ,24.20 ,217.96,+0.47,"41,497,411 ",207.89 ,33.90 ,58.29,+1.07,"11,255,907 ",70.39 ,14.68 ,182.50,+2.65,"29,295,511 ",205.21 ,50.98 ,[],[],[],[],[],425.27,+6.87,"23,007,829 ",456.16 ,36.88 
0,2024-07-27 19:24:27.388538,437.66,+4.37,"2,023,398 ",450.60 ,12.90 ,168.68,-0.48,"24,855,287 ",181.78 ,24.20 ,217.96,+0.47,"41,497,411 ",207.89 ,33.90 ,58.29,+1.07,"11,255,907 ",70.39 ,14.68 ,182.50,+2.65,"29,295,511 ",205.21 ,50.98 ,[],[],[],[],[],425.27,+6.87,"23,007,829 ",456.16 ,36.88 
0,2024-07-27 19:24:31.742806,437.66,+4.37,"2,023,398 ",450.60 ,12.90 ,168.68,-0.48,"24,855,287 ",181.78 ,24.20 ,217.96,+0.47,"41,497,411 ",207.89 ,33.90 ,58.29,+1.07,"11,255,907 ",70.39 ,14.68 ,182.50,+2.65,"29,295,511 ",205.21 ,50.98 ,[],[],[],[],[],425.27,+6.87,"23,007,829 ",456.16 ,36.88 
0,2024-07-27 19:24:35.612455,437.66,+4.37,"2,023,398 ",450.60 ,12.90 ,168.68,-0.48,"24,855,287 ",181.78 ,24.20 ,217.96,+0.47,"41,497,411 ",207.89 ,33.90 ,58.29,+1.07,"11,255,907 ",70.39 ,14.68 ,182.50,+2.65,"29,295,511 ",205.21 ,50.98 ,[],[],[],[],[],425.27,+6.87,"23,007,829 ",456.16 ,36.88 
0,2024-07-27 19:24:44.800108,437.66,+4.37,"2,023,398 ",450.60 ,12.90 ,168.68,-0.48,"24,855,287 ",181.78 ,24.20 ,217.96,+0.47,"41,497,411 ",207.89 ,33.90 ,58.29,+1.07,"11,255,907 ",70.39 ,14.68 ,182.50,+2.65,"29,295,511 ",205.21 ,50.98 ,[],[],[],[],[],425.27,+6.87,"23,007,829 ",456.16 ,36.88 
0,2024-07-27 19:24:49.024775,437.66,+4.37,"2,023,398 ",450.60 ,12.90 ,168.68,-0.48,"24,855,287 ",181.78 ,24.20 ,217.96,+0.47,"41,497,411 ",207.89 ,33.90 ,58.29,+1.07,"11,255,907 ",70.39 ,14.68 ,182.50,+2.65,"29,295,511 ",205.21 ,50.98 ,[],[],[],[],[],425.27,+6.87,"23,007,829 ",456.16 ,36.88 
0,2024-07-27 19:24:53.222517,437.66,+4.37,"2,023,398 ",450.60 ,12.90 ,168.68,-0.48,"24,855,287 ",181.78 ,24.20 ,217.96,+0.47,"41,497,411 ",207.89 ,33.90 ,58.29,+1.07,"11,255,907 ",70.39 ,14.68 ,182.50,+2.65,"29,295,511 ",205.21 ,50.98 ,[],[],[],[],[],425.27,+6.87,"23,007,829 ",456.16 ,36.88 
0,2024-07-27 19:24:56.503860,437.66,+4.37,"2,023,398 ",450.60 ,12.90 ,168.68,-0.48,"24,855,287 ",181.78 ,24.20 ,217.96,+0.47,"41,497,411 ",207.89 ,33.90 ,58.29,+1.07,"11,255,907 ",70.39 ,14.68 ,182.50,+2.65,"29,295,511 ",205.21 ,50.98 ,[],[],[],[],[],425.27,+6.87,"23,007,829 ",456.16 ,36.88 
0,2024-07-27 19:25:02.405728,437.66,+4.37,"2,023,398 ",450.60 ,12.90 ,168.68,-0.48,"24,855,287 ",181.78 ,24.20 ,217.96,+0.47,"41,497,411 ",207.89 ,33.90 ,58.29,+1.07,"11,255,907 ",70.39 ,14.68 ,182.50,+2.65,"29,295,511 ",205.21 ,50.98 ,[],[],[],[],[],425.27,+6.87,"23,007,829 ",456.16 ,36.88 
0,2024-07-27 19:25:05.427445,437.66,+4.37,"2,023,398 ",450.60 ,12.90 ,168.68,-0.48,"24,855,287 ",181.78 ,24.20 ,217.96,+0.47,"41,497,411 ",207.89 ,33.90 ,58.29,+1.07,"11,255,907 ",70.39 ,14.68 ,182.50,+2.65,"29,295,511 ",205.21 ,50.98 ,[],[],[],[],[],425.27,+6.87,"23,007,829 ",456.16 ,36.88 
0,2024-07-27 19:25:14.904531,437.66,+4.37,"2,023,398 ",450.60 ,12.90 ,168.68,-0.48,"24,855,287 ",181.78 ,24.20 ,217.96,+0.47,"41,497,411 ",207.89 ,33.90 ,58.29,+1.07,"11,255,907 ",70.39 ,14.68 ,182.50,+2.65,"29,295,511 ",205.21 ,50.98 ,[],[],[],[],[],425.27,+6.87,"23,007,829 ",456.16 ,36.88 
0,2024-07-27 19:25:21.640744,437.66,+4.37,"2,023,398 ",450.60 ,12.90 ,168.68,-0.48,"24,855,287 ",181.78 ,24.20 ,217.96,+0.47,"41,497,411 ",207.89 ,33.90 ,58.29,+1.07,"11,255,907 ",70.39 ,14.68 ,182.50,+2.65,"29,295,511 ",205.21 ,50.98 ,[],[],[],[],[],425.27,+6.87,"23,007,829 ",456.16 ,36.88 
0,2024-07-27 19:25:25.866133,437.66,+4.37,"2,023,398 ",450.60 ,12.90 ,168.68,-0.48,"24,855,287 ",181.78 ,24.20 ,217.96,+0.47,"41,497,411 ",207.89 ,33.90 ,58.29,+1.07,"11,255,907 ",70.39 ,14.68 ,182.50,+2.65,"29,295,511 ",205.21 ,50.98 ,[],[],[],[],[],425.27,+6.87,"23,007,829 ",456.16 ,36.88 
0,2024-07-27 19:25:29.070883,437.66,+4.37,"2,023,398 ",450.60 ,12.90 ,168.68,-0.48,"24,855,287 ",181.78 ,24.20 ,217.96,+0.47,"41,497,411 ",207.89 ,33.90 ,58.29,+1.07,"11,255,907 ",70.39 ,14.68 ,182.50,+2.65,"29,295,511 ",205.21 ,50.98 ,[],[],[],[],[],425.27,+6.87,"23,007,829 ",456.16 ,36.88 
0,2024-07-27 19:25:36.229665,437.66,+4.37,"2,023,398 ",450.60 ,12.90 ,168.68,-0.48,"24,855,287 ",181.78 ,24.20 ,217.96,+0.47,"41,497,411 ",207.89 ,33.90 ,58.29,+1.07,"11,255,907 ",70.39 ,14.68 ,182.50,+2.65,"29,295,511 ",205.21 ,50.98 ,[],[],[],[],[],425.27,+6.87,"23,007,829 ",456.16 ,36.88 
0,2024-07-27 19:25:40.258581,437.66,+4.37,"2,023,398 ",450.60 ,12.90 ,168.68,-0.48,"24,855,287 ",181.78 ,24.20 ,217.96,+0.47,"41,497,411 ",207.89 ,33.90 ,58.29,+1.07,"11,255,907 ",70.39 ,14.68 ,182.50,+2.65,"29,295,511 ",205.21 ,50.98 ,[],[],[],[],[],425.27,+6.87,"23,007,829 ",456.16 ,36.88 
0,2024-07-27 19:25:43.199183,437.66,+4.37,"2,023,398 ",450.60 ,12.90 ,168.68,-0.48,"24,855,287 ",181.78 ,24.20 ,217.96,+0.47,"41,497,411 ",207.89 ,33.90 ,58.29,+1.07,"11,255,907 ",70.39 ,14.68 ,182.50,+2.65,"29,295,511 ",205.21 ,50.98 ,[],[],[],[],[],425.27,+6.87,"23,007,829 ",456.16 ,36.88 
0,2024-07-27 19:25:47.428446,437.66,+4.37,"2,023,398 ",450.60 ,12.90 ,168.68,-0.48,"24,855,287 ",181.78 ,24.20 ,217.96,+0.47,"41,497,411 ",207.89 ,33.90 ,58.29,+1.07,"11,255,907 ",70.39 ,14.68 ,182.50,+2.65,"29,295,511 ",205.21 ,50.98 ,[],[],[],[],[],425.27,+6.87,"23,007,829 ",456.16 ,36.88 
0,2024-07-27 19:25:51.142313,437.66,+4.37,"2,023,398 ",450.60 ,12.90 ,168.68,-0.48,"24,855,287 ",181.78 ,24.20 ,217.96,+0.47,"41,497,411 ",207.89 ,33.90 ,58.29,+1.07,"11,255,907 ",70.39 ,14.68 ,182.50,+2.65,"29,295,511 ",205.21 ,50.98 ,[],[],[],[],[],425.27,+6.87,"23,007,829 ",456.16 ,36.88 
0,2024-07-27 19:25:56.277119,437.66,+4.37,"2,023,398 ",450.60 ,12.90 ,168.68,-0.48,"24,855,287 ",181.78 ,24.20 ,217.96,+0.47,"41,497,411 ",207.89 ,33.90 ,58.29,+1.07,"11,255,907 ",70.39 ,14.68 ,182.50,+2.65,"29,295,511 ",205.21 ,50.98 ,[],[],[],[],[],425.27,+6.87,"23,007,829 ",456.16 ,36.88 
0,2024-07-27 19:26:00.272281,437.66,+4.37,"2,023,398 ",450.60 ,12.90 ,168.68,-0.48,"24,855,287 ",181.78 ,24.20 ,217.96,+0.47,"41,497,411 ",207.89 ,33.90 ,58.29,+1.07,"11,255,907 ",70.39 ,14.68 ,182.50,+2.65,"29,295,511 ",205.21 ,50.98 ,[],[],[],[],[],425.27,+6.87,"23,007,829 ",456.16 ,36.88 
0,2024-07-27 19:26:03.647919,437.66,+4.37,"2,023,398 ",450.60 ,12.90 ,168.68,-0.48,"24,855,287 ",181.78 ,24.20 ,217.96,+0.47,"41,497,411 ",207.89 ,33.90 ,58.29,+1.07,"11,255,907 ",70.39 ,14.68 ,182.50,+2.65,"29,295,511 ",205.21 ,50.98 ,[],[],[],[],[],425.27,+6.87,"23,007,829 ",456.16 ,36.88 
0,2024-07-27 19:26:06.911535,437.66,+4.37,"2,023,398 ",450.60 ,12.90 ,168.68,-0.48,"24,855,287 ",181.78 ,24.20 ,217.96,+0.47,"41,497,411 ",207.89 ,33.90 ,58.29,+1.07,"11,255,907 ",70.39 ,14.68 ,182.50,+2.65,"29,295,511 ",205.21 ,50.98 ,[],[],[],[],[],425.27,+6.87,"23,007,829 ",456.16 ,36.88 
0,2024-07-27 19:26:09.630218,437.66,+4.37,"2,023,398 ",450.60 ,12.90 ,168.68,-0.48,"24,855,287 ",181.78 ,24.20 ,217.96,+0.47,"41,497,411 ",207.89 ,33.90 ,58.29,+1.07,"11,255,907 ",70.39 ,14.68 ,182.50,+2.65,"29,295,511 ",205.21 ,50.98 ,[],[],[],[],[],425.27,+6.87,"23,007,829 ",456.16 ,36.88 
0,2024-07-27 19:26:13.485270,437.66,+4.37,"2,023,398 ",450.60 ,12.90 ,168.68,-0.48,"24,855,287 ",181.78 ,24.20 ,217.96,+0.47,"41,497,411 ",207.89 ,33.90 ,58.29,+1.07,"11,255,907 ",70.39 ,14.68 ,182.50,+2.65,"29,295,511 ",205.21 ,50.98 ,[],[],[],[],[],425.27,+6.87,"23,007,829 ",456.16 ,36.88 
0,2024-07-27 19:26:17.034633,437.66,+4.37,"2,023,398 ",450.60 ,12.90 ,168.68,-0.48,"24,855,287 ",181.78 ,24.20 ,217.96,+0.47,"41,497,411 ",207.89 ,33.90 ,58.29,+1.07,"11,255,907 ",70.39 ,14.68 ,182.50,+2.65,"29,295,511 ",205.21 ,50.98 ,[],[],[],[],[],425.27,+6.87,"23,007,829 ",456.16 ,36.88 
0,2024-07-27 19:26:21.900451,437.66,+4.37,"2,023,398 ",450.60 ,12.90 ,168.68,-0.48,"24,855,287 ",181.78 ,24.20 ,217.96,+0.47,"41,497,411 ",207.89 ,33.90 ,58.29,+1.07,"11,255,907 ",70.39 ,14.68 ,182.50,+2.65,"29,295,511 ",205.21 ,50.98 ,[],[],[],[],[],425.27,+6.87,"23,007,829 ",456.16 ,36.88 
0,2024-07-27 19:26:26.354744,437.66,+4.37,"2,023,398 ",450.60 ,12.90 ,168.68,-0.48,"24,855,287 ",181.78 ,24.20 ,217.96,+0.47,"41,497,411 ",207.89 ,33.90 ,58.29,+1.07,"11,255,907 ",70.39 ,14.68 ,182.50,+2.65,"29,295,511 ",205.21 ,50.98 ,[],[],[],[],[],425.27,+6.87,"23,007,829 ",456.16 ,36.88 
0,2024-07-27 19:26:30.741821,437.66,+4.37,"2,023,398 ",450.60 ,12.90 ,168.68,-0.48,"24,855,287 ",181.78 ,24.20 ,217.96,+0.47,"41,497,411 ",207.89 ,33.90 ,58.29,+1.07,"11,255,907 ",70.39 ,14.68 ,182.50,+2.65,"29,295,511 ",205.21 ,50.98 ,[],[],[],[],[],425.27,+6.87,"23,007,829 ",456.16 ,36.88 
0,2024-07-27 19:26:34.483646,437.66,+4.37,"2,023,398 ",450.60 ,12.90 ,168.68,-0.48,"24,855,287 ",181.78 ,24.20 ,217.96,+0.47,"41,497,411 ",207.89 ,33.90 ,58.29,+1.07,"11,255,907 ",70.39 ,14.68 ,182.50,+2.65,"29,295,511 ",205.21 ,50.98 ,[],[],[],[],[],425.27,+6.87,"23,007,829 ",456.16 ,36.88 
0,2024-07-27 19:26:38.125277,437.66,+4.37,"2,023,398 ",450.60 ,12.90 ,168.68,-0.48,"24,855,287 ",181.78 ,24.20 ,217.96,+0.47,"41,497,411 ",207.89 ,33.90 ,58.29,+1.07,"11,255,907 ",70.39 ,14.68 ,182.50,+2.65,"29,295,511 ",205.21 ,50.98 ,[],[],[],[],[],425.27,+6.87,"23,007,829 ",456.16 ,36.88 
0,2024-07-27 19:26:40.932079,437.66,+4.37,"2,023,398 ",450.60 ,12.90 ,168.68,-0.48,"24,855,287 ",181.78 ,24.20 ,217.96,+0.47,"41,497,411 ",207.89 ,33.90 ,58.29,+1.07,"11,255,907 ",70.39 ,14.68 ,182.50,+2.65,"29,295,511 ",205.21 ,50.98 ,[],[],[],[],[],425.27,+6.87,"23,007,829 ",456.16 ,36.88 
0,2024-07-27 19:26:45.789754,437.66,+4.37,"2,023,398 ",450.60 ,12.90 ,168.68,-0.48,"24,855,287 ",181.78 ,24.20 ,217.96,+0.47,"41,497,411 ",207.89 ,33.90 ,58.29,+1.07,"11,255,907 ",70.39 ,14.68 ,182.50,+2.65,"29,295,511 ",205.21 ,50.98 ,[],[],[],[],[],425.27,+6.87,"23,007,829 ",456.16 ,36.88 
0,2024-07-27 19:26:49.314314,437.66,+4.37,"2,023,398 ",450.60 ,12.90 ,168.68,-0.48,"24,855,287 ",181.78 ,24.20 ,217.96,+0.47,"41,497,411 ",207.89 ,33.90 ,58.29,+1.07,"11,255,907 ",70.39 ,14.68 ,182.50,+2.65,"29,295,511 ",205.21 ,50.98 ,[],[],[],[],[],425.27,+6.87,"23,007,829 ",456.16 ,36.88 
0,2024-07-27 19:26:55.698221,437.66,+4.37,"2,023,398 ",450.60 ,12.90 ,168.68,-0.48,"24,855,287 ",181.78 ,24.20 ,217.96,+0.47,"41,497,411 ",207.89 ,33.90 ,58.29,+1.07,"11,255,907 ",70.39 ,14.68 ,182.50,+2.65,"29,295,511 ",205.21 ,50.98 ,[],[],[],[],[],425.27,+6.87,"23,007,829 ",456.16 ,36.88 
0,2024-07-27 19:26:59.045609,437.66,+4.37,"2,023,398 ",450.60 ,12.90 ,168.68,-0.48,"24,855,287 ",181.78 ,24.20 ,217.96,+0.47,"41,497,411 ",207.89 ,33.90 ,58.29,+1.07,"11,255,907 ",70.39 ,14.68 ,182.50,+2.65,"29,295,511 ",205.21 ,50.98 ,[],[],[],[],[],425.27,+6.87,"23,007,829 ",456.16 ,36.88 
0,2024-07-27 19:27:03.290337,437.66,+4.37,"2,023,398 ",450.60 ,12.90 ,168.68,-0.48,"24,855,287 ",181.78 ,24.20 ,217.96,+0.47,"41,497,411 ",207.89 ,33.90 ,58.29,+1.07,"11,255,907 ",70.39 ,14.68 ,182.50,+2.65,"29,295,511 ",205.21 ,50.98 ,[],[],[],[],[],425.27,+6.87,"23,007,829 ",456.16 ,36.88 
0,2024-07-27 19:27:08.282961,437.66,+4.37,"2,023,398 ",450.60 ,12.90 ,168.68,-0.48,"24,855,287 ",181.78 ,24.20 ,217.96,+0.47,"41,497,411 ",207.89 ,33.90 ,58.29,+1.07,"11,255,907 ",70.39 ,14.68 ,182.50,+2.65,"29,295,511 ",205.21 ,50.98 ,[],[],[],[],[],425.27,+6.87,"23,007,829 ",456.16 ,36.88 
0,2024-07-27 19:27:11.869065,437.66,+4.37,"2,023,398 ",450.60 ,12.90 ,168.68,-0.48,"24,855,287 ",181.78 ,24.20 ,217.96,+0.47,"41,497,411 ",207.89 ,33.90 ,58.29,+1.07,"11,255,907 ",70.39 ,14.68 ,182.50,+2.65,"29,295,511 ",205.21 ,50.98 ,[],[],[],[],[],425.27,+6.87,"23,007,829 ",456.16 ,36.88 
0,2024-07-27 19:27:15.571557,437.66,+4.37,"2,023,398 ",450.60 ,12.90 ,168.68,-0.48,"24,855,287 ",181.78 ,24.20 ,217.96,+0.47,"41,497,411 ",207.89 ,33.90 ,58.29,+1.07,"11,255,907 ",70.39 ,14.68 ,182.50,+2.65,"29,295,511 ",205.21 ,50.98 ,[],[],[],[],[],425.27,+6.87,"23,007,829 ",456.16 ,36.88 
0,2024-07-27 19:27:18.773665,437.66,+4.37,"2,023,398 ",450.60 ,12.90 ,168.68,-0.48,"24,855,287 ",181.78 ,24.20 ,217.96,+0.47,"41,497,411 ",207.89 ,33.90 ,58.29,+1.07,"11,255,907 ",70.39 ,14.68 ,182.50,+2.65,"29,295,511 ",205.21 ,50.98 ,[],[],[],[],[],425.27,+6.87,"23,007,829 ",456.16 ,36.88 
0,2024-07-27 19:27:21.650931,437.66,+4.37,"2,023,398 ",450.60 ,12.90 ,168.68,-0.48,"24,855,287 ",181.78 ,24.20 ,217.96,+0.47,"41,497,411 ",207.89 ,33.90 ,58.29,+1.07,"11,255,907 ",70.39 ,14.68 ,182.50,+2.65,"29,295,511 ",205.21 ,50.98 ,[],[],[],[],[],425.27,+6.87,"23,007,829 ",456.16 ,36.88 
0,2024-07-27 19:27:26.300216,437.66,+4.37,"2,023,398 ",450.60 ,12.90 ,168.68,-0.48,"24,855,287 ",181.78 ,24.20 ,217.96,+0.47,"41,497,411 ",207.89 ,33.90 ,58.29,+1.07,"11,255,907 ",70.39 ,14.68 ,182.50,+2.65,"29,295,511 ",205.21 ,50.98 ,[],[],[],[],[],425.27,+6.87,"23,007,829 ",456.16 ,36.88 
0,2024-07-27 19:27:30.492511,437.66,+4.37,"2,023,398 ",450.60 ,12.90 ,168.68,-0.48,"24,855,287 ",181.78 ,24.20 ,217.96,+0.47,"41,497,411 ",207.89 ,33.90 ,58.29,+1.07,"11,255,907 ",70.39 ,14.68 ,182.50,+2.65,"29,295,511 ",205.21 ,50.98 ,[],[],[],[],[],425.27,+6.87,"23,007,829 ",456.16 ,36.88 
0,2024-07-27 19:27:34.382130,437.66,+4.37,"2,023,398 ",450.60 ,12.90 ,168.68,-0.48,"24,855,287 ",181.78 ,24.20 ,217.96,+0.47,"41,497,411 ",207.89 ,33.90 ,58.29,+1.07,"11,255,907 ",70.39 ,14.68 ,182.50,+2.65,"29,295,511 ",205.21 ,50.98 ,[],[],[],[],[],425.27,+6.87,"23,007,829 ",456.16 ,36.88 
0,2024-07-27 19:27:37.531422,437.66,+4.37,"2,023,398 ",450.60 ,12.90 ,168.68,-0.48,"24,855,287 ",181.78 ,24.20 ,217.96,+0.47,"41,497,411 ",207.89 ,33.90 ,58.29,+1.07,"11,255,907 ",70.39 ,14.68 ,182.50,+2.65,"29,295,511 ",205.21 ,50.98 ,[],[],[],[],[],425.27,+6.87,"23,007,829 ",456.16 ,36.88 
0,2024-07-27 19:27:42.918436,437.66,+4.37,"2,023,398 ",450.60 ,12.90 ,168.68,-0.48,"24,855,287 ",181.78 ,24.20 ,217.96,+0.47,"41,497,411 ",207.89 ,33.90 ,58.29,+1.07,"11,255,907 ",70.39 ,14.68 ,182.50,+2.65,"29,295,511 ",205.21 ,50.98 ,[],[],[],[],[],425.27,+6.87,"23,007,829 ",456.16 ,36.88 
0,2024-07-27 19:27:47.605793,437.66,+4.37,"2,023,398 ",450.60 ,12.90 ,168.68,-0.48,"24,855,287 ",181.78 ,24.20 ,217.96,+0.47,"41,497,411 ",207.89 ,33.90 ,58.29,+1.07,"11,255,907 ",70.39 ,14.68 ,182.50,+2.65,"29,295,511 ",205.21 ,50.98 ,[],[],[],[],[],425.27,+6.87,"23,007,829 ",456.16 ,36.88 
0,2024-07-27 19:27:51.713118,437.66,+4.37,"2,023,398 ",450.60 ,12.90 ,168.68,-0.48,"24,855,287 ",181.78 ,24.20 ,217.96,+0.47,"41,497,411 ",207.89 ,33.90 ,58.29,+1.07,"11,255,907 ",70.39 ,14.68 ,182.50,+2.65,"29,295,511 ",205.21 ,50.98 ,[],[],[],[],[],425.27,+6.87,"23,007,829 ",456.16 ,36.88 
0,2024-07-27 19:27:56.676258,437.66,+4.37,"2,023,398 ",450.60 ,12.90 ,168.68,-0.48,"24,855,287 ",181.78 ,24.20 ,217.96,+0.47,"41,497,411 ",207.89 ,33.90 ,58.29,+1.07,"11,255,907 ",70.39 ,14.68 ,182.50,+2.65,"29,295,511 ",205.21 ,50.98 ,[],[],[],[],[],425.27,+6.87,"23,007,829 ",456.16 ,36.88 
0,2024-07-27 19:28:00.230489,437.66,+4.37,"2,023,398 ",450.60 ,12.90 ,168.68,-0.48,"24,855,287 ",181.78 ,24.20 ,217.96,+0.47,"41,497,411 ",207.89 ,33.90 ,58.29,+1.07,"11,255,907 ",70.39 ,14.68 ,182.50,+2.65,"29,295,511 ",205.21 ,50.98 ,[],[],[],[],[],425.27,+6.87,"23,007,829 ",456.16 ,36.88 
0,2024-07-27 19:28:04.541797,437.66,+4.37,"2,023,398 ",450.60 ,12.90 ,168.68,-0.48,"24,855,287 ",181.78 ,24.20 ,217.96,+0.47,"41,497,411 ",207.89 ,33.90 ,58.29,+1.07,"11,255,907 ",70.39 ,14.68 ,182.50,+2.65,"29,295,511 ",205.21 ,50.98 ,[],[],[],[],[],425.27,+6.87,"23,007,829 ",456.16 ,36.88 
0,2024-07-27 19:28:07.543922,437.66,+4.37,"2,023,398 ",450.60 ,12.90 ,168.68,-0.48,"24,855,287 ",181.78 ,24.20 ,217.96,+0.47,"41,497,411 ",207.89 ,33.90 ,58.29,+1.07,"11,255,907 ",70.39 ,14.68 ,182.50,+2.65,"29,295,511 ",205.21 ,50.98 ,[],[],[],[],[],425.27,+6.87,"23,007,829 ",456.16 ,36.88 
0,2024-07-27 19:28:11.863699,437.66,+4.37,"2,023,398 ",450.60 ,12.90 ,168.68,-0.48,"24,855,287 ",181.78 ,24.20 ,217.96,+0.47,"41,497,411 ",207.89 ,33.90 ,58.29,+1.07,"11,255,907 ",70.39 ,14.68 ,182.50,+2.65,"29,295,511 ",205.21 ,50.98 ,[],[],[],[],[],425.27,+6.87,"23,007,829 ",456.16 ,36.88 
0,2024-07-27 19:28:19.962172,437.66,+4.37,"2,023,398 ",450.60 ,12.90 ,168.68,-0.48,"24,855,287 ",181.78 ,24.20 ,217.96,+0.47,"41,497,411 ",207.89 ,33.90 ,58.29,+1.07,"11,255,907 ",70.39 ,14.68 ,182.50,+2.65,"29,295,511 ",205.21 ,50.98 ,[],[],[],[],[],425.27,+6.87,"23,007,829 ",456.16 ,36.88 
0,2024-07-27 19:28:25.330527,437.66,+4.37,"2,023,398 ",450.60 ,12.90 ,168.68,-0.48,"24,855,287 ",181.78 ,24.20 ,217.96,+0.47,"41,497,411 ",207.89 ,33.90 ,58.29,+1.07,"11,255,907 ",70.39 ,14.68 ,182.50,+2.65,"29,295,511 ",205.21 ,50.98 ,[],[],[],[],[],425.27,+6.87,"23,007,829 ",456.16 ,36.88 
0,2024-07-27 19:28:28.849209,437.66,+4.37,"2,023,398 ",450.60 ,12.90 ,168.68,-0.48,"24,855,287 ",181.78 ,24.20 ,217.96,+0.47,"41,497,411 ",207.89 ,33.90 ,58.29,+1.07,"11,255,907 ",70.39 ,14.68 ,182.50,+2.65,"29,295,511 ",205.21 ,50.98 ,[],[],[],[],[],425.27,+6.87,"23,007,829 ",456.16 ,36.88 
0,2024-07-27 19:28:33.147109,437.66,+4.37,"2,023,398 ",450.60 ,12.90 ,168.68,-0.48,"24,855,287 ",181.78 ,24.20 ,217.96,+0.47,"41,497,411 ",207.89 ,33.90 ,58.29,+1.07,"11,255,907 ",70.39 ,14.68 ,182.50,+2.65,"29,295,511 ",205.21 ,50.98 ,[],[],[],[],[],425.27,+6.87,"23,007,829 ",456.16 ,36.88 
0,2024-07-27 19:28:37.522083,437.66,+4.37,"2,023,398 ",450.60 ,12.90 ,168.68,-0.48,"24,855,287 ",181.78 ,24.20 ,217.96,+0.47,"41,497,411 ",207.89 ,33.90 ,58.29,+1.07,"11,255,907 ",70.39 ,14.68 ,182.50,+2.65,"29,295,511 ",205.21 ,50.98 ,[],[],[],[],[],425.27,+6.87,"23,007,829 ",456.16 ,36.88 
0,2024-07-27 19:28:40.973310,437.66,+4.37,"2,023,398 ",450.60 ,12.90 ,168.68,-0.48,"24,855,287 ",181.78 ,24.20 ,217.96,+0.47,"41,497,411 ",207.89 ,33.90 ,58.29,+1.07,"11,255,907 ",70.39 ,14.68 ,182.50,+2.65,"29,295,511 ",205.21 ,50.98 ,[],[],[],[],[],425.27,+6.87,"23,007,829 ",456.16 ,36.88 
0,2024-07-27 19:28:44.733283,437.66,+4.37,"2,023,398 ",450.60 ,12.90 ,168.68,-0.48,"24,855,287 ",181.78 ,24.20 ,217.96,+0.47,"41,497,411 ",207.89 ,33.90 ,58.29,+1.07,"11,255,907 ",70.39 ,14.68 ,182.50,+2.65,"29,295,511 ",205.21 ,50.98 ,[],[],[],[],[],425.27,+6.87,"23,007,829 ",456.16 ,36.88 
0,2024-07-27 19:28:48.117798,437.66,+4.37,"2,023,398 ",450.60 ,12.90 ,168.68,-0.48,"24,855,287 ",181.78 ,24.20 ,217.96,+0.47,"41,497,411 ",207.89 ,33.90 ,58.29,+1.07,"11,255,907 ",70.39 ,14.68 ,182.50,+2.65,"29,295,511 ",205.21 ,50.98 ,[],[],[],[],[],425.27,+6.87,"23,007,829 ",456.16 ,36.88 
0,2024-07-27 19:28:51.885946,437.66,+4.37,"2,023,398 ",450.60 ,12.90 ,168.68,-0.48,"24,855,287 ",181.78 ,24.20 ,217.96,+0.47,"41,497,411 ",207.89 ,33.90 ,58.29,+1.07,"11,255,907 ",70.39 ,14.68 ,182.50,+2.65,"29,295,511 ",205.21 ,50.98 ,[],[],[],[],[],425.27,+6.87,"23,007,829 ",456.16 ,36.88 
